BWT,FWT,ACC,num_tasks
-0.01368518453091383,0.7701032590121031,-0.09293692310651143,3
