,eval_task0,eval_task1,eval_task2
after_task0,-0.027922911569476128,-0.03545345738530159,-0.7216403484344482
after_task1,-0.020166093483567238,-0.04101584106683731,-0.04855874180793762
after_task2,-0.005825075786560774,-0.02328414097428322,-0.11660172045230865
