BWT,FWT,ACC,num_tasks
0.00753151997923851,0.7488542385399342,-0.026127641399701435,3
