,eval_task0,eval_task1,eval_task2
after_task0,-0.02909592166543007,-0.07773160189390182,-0.26696062088012695
after_task1,-0.10878996551036835,-0.045029208064079285,-0.042076438665390015
after_task2,-0.043646570295095444,-0.01541551947593689,-0.019320834428071976
