task,ACC,BWT,FWT
task0,-0.045294464,,
task1,-0.03710539,-0.025475453585386276,-0.0109638050198555
task2,-0.05450515,-0.006654072552919388,0.056088052690029144
