stage,task,ΔMAE
task1,task0,-0.025475454
task2,task0,0.0023512468
task2,task1,-0.015659392
