BWT,FWT,ACC
0.006715582683682442,0.6526777669787407,-0.05384942144155502
