,eval_task0,eval_task1,eval_task2
after_task0,-0.046181146055459976,-0.052121371030807495,-0.15861283242702484
after_task1,-0.023868093267083168,-0.06831091642379761,-0.1271219104528427
after_task2,-0.04840714856982231,-0.05265374854207039,-0.06048736721277237
