BWT,FWT,ACC
-0.01501302607357502,0.6355045009404421,-0.09424486011266708
