task,ACC,BWT,FWT
task0,-0.045294464,,
task1,-0.03710539,-0.025475453585386276,-0.0109638050198555
task2,-0.029904554,-0.01777179352939129,0.1076543927192688
