stage,task,ΔMAE
task1,task0,-0.025475454
task2,task0,0.0021451153
task2,task1,-0.037688702
