BWT,FWT,ACC,num_tasks
0.007661532610654831,0.7628523986786604,-0.054348452016711235,3
