,eval_task0,eval_task1,eval_task2
after_task0,-0.025116166099905968,-0.05998896434903145,-0.039382487535476685
after_task1,-0.03212733194231987,-0.0770278126001358,-0.039350058883428574
after_task2,-0.024595879018306732,-0.01183269638568163,-0.022904375568032265
