BWT,FWT,ACC
0.01731331367045641,0.645328126847744,-0.031204285100102425
