trained_after_task,evaluated_on_task,trained_task_idx,eval_task_idx,MAE,MAE_smooth,RMSE,RMSE_smooth,R2,R2_smooth,R_value
task0,task0,0,0,0.046181146,0.04609372817606622,0.05303924,0.052968451322757036,-3.469456195831299,-3.4575336230415754,-0.046181146055459976
task0,task1,0,1,0.05212137,0.052117517540014376,0.061594557,0.06154775342388935,-4.86492919921875,-4.8560194238852725,-0.052121371030807495
task0,task2,0,2,0.15861283,0.1585021391456563,0.16168071,0.16151761215997887,-81.3250961303711,-81.15907874219049,-0.15861283242702484
task1,task0,1,0,0.022373464,0.022297641937726136,0.026499355,0.026416079842487346,-0.11565697193145752,-0.10865600633116324,-0.022373463958501816
task1,task1,1,1,0.05925638,0.05930396891579036,0.062994935,0.06298975985253866,-5.134644508361816,-5.133636057900325,-0.059256378561258316
task1,task2,1,2,0.14182119,0.14179791147804327,0.14298236,0.14293008901297072,-63.38441467285156,-63.33734252234302,-0.14182119071483612
task2,task0,2,0,0.017582657,0.017516984110846727,0.020656329,0.020536475093702083,0.32209891080856323,0.3299427930948422,-0.01758265681564808
task2,task1,2,1,0.05322824,0.05338167901743143,0.05466904,0.0546829062806362,-3.6202025413513184,-3.622546353284389,-0.053228240460157394
task2,task2,2,2,0.022801958,0.022644933096200828,0.029694196,0.029061826493757256,-1.7768917083740234,-1.6598772876007226,-0.0228019580245018
