,eval_task0,eval_task1,eval_task2
after_task0,-0.046181146055459976,-0.052121371030807495,-0.15861283242702484
after_task1,-0.022373463958501816,-0.059256378561258316,-0.14182119071483612
after_task2,-0.01758265681564808,-0.053228240460157394,-0.0228019580245018
