BWT,FWT,ACC
-0.005259377881884575,0.6529482156038284,-0.0797698696454366
