BWT,FWT,ACC,num_tasks
0.0030138827860355377,0.7637664619833231,-0.05246235119799773,3
