,eval_task0,eval_task1,eval_task2
after_task0,-0.027922911569476128,-0.03545345738530159,-0.7216403484344482
after_task1,-0.011588097549974918,-0.017349213361740112,-0.05453013628721237
after_task2,-0.014538655057549477,-0.024705704301595688,-0.11814269423484802
