,eval_task0,eval_task1,eval_task2
after_task0,-0.027922911569476128,-0.03545345738530159,-0.7216403484344482
after_task1,-0.02495880052447319,-0.041949816048145294,-0.046456631273031235
after_task2,-0.005329829640686512,-0.017490355297923088,-0.12234840542078018
