BWT,FWT,ACC,num_tasks
0.010646365582942963,0.7654300760477781,-0.051706163212656975,3
