task,ACC,BWT,FWT
task0,-0.045294464,,
task1,-0.031781483,-0.024426866322755814,0.0007325895130634308
task2,-0.12860577,0.03779352456331253,-0.09384240210056305
