stage,task,ΔMAE
task1,task0,-0.024426866
task2,task0,-0.009243201
task2,task1,0.084830254
