number,values_0,values_1,params_alpha1,params_alpha2,params_lambda0,params_lambda1,user_attrs_ACC,user_attrs_BWT
2,-0.013188319901625315,-0.03350518271327019,1.9161084252463925,0.5711627077804184,7780.1555769014285,141.35935551752303,-0.013188319901625315,-0.03350518271327019
49,-0.019358282287915547,-0.03711992874741554,0.06531731516589172,0.36966067776906036,48.11094460982542,57.95213566496779,-0.019358282287915547,-0.03711992874741554
