{
    "SEQUENCE_LENGTH": 720,
    "HIDDEN_SIZE": 64,
    "NUM_LAYERS": 4,
    "DROPOUT": 0.30000000000000004,
    "LEARNING_RATE": 0.0001,
    "WEIGHT_DECAY": 0.0001,
    "BATCH_SIZE": 32,
    "EPOCHS": 100,
    "PATIENCE": 10,
    "best_val_loss": 0.000415764871354656
}