BWT,FWT,ACC,num_tasks
-0.003424298018217087,0.7377039920538664,-0.022595625991622608,3
