,eval_task0,eval_task1,eval_task2
after_task0,-0.027922911569476128,-0.03545345738530159,-0.7216403484344482
after_task1,-0.04826534911990166,-0.025239882990717888,-0.1066550761461258
after_task2,-0.025967836380004883,-0.034043554216623306,-0.007775487378239632
