task,ACC,BWT,FWT
task0,-0.045294464,,
task1,-0.049063087,-0.020933765918016434,-0.030337512493133545
task2,-0.06784374,0.009341651573777199,0.05643127113580704
