stage,task,ΔMAE
task1,task0,-0.020933766
task2,task0,-0.013416331
task2,task1,0.032099634
