{
    "SEQUENCE_LENGTH": 92,
    "HIDDEN_SIZE": 64,
    "NUM_LAYERS": 2,
    "DROPOUT": 0.30000000000000004,
    "LEARNING_RATE": 0.0001,
    "WEIGHT_DECAY": 1e-05,
    "BATCH_SIZE": 16,
    "EPOCHS": 100,
    "PATIENCE": 10,
    "best_val_loss": 0.00033584605651989954
}