{
    "best_acc_r2": 0.023841584101319313,
    "best_params": {
        "lambda0": 2599.2136678385696,
        "lambda1": 178.29988165510156,
        "alpha1": 1.3195404374700876,
        "alpha2": 0.9808424331768026
    },
    "best_metrics": {
        "r2_values": [
            0.30635398626327515,
            -0.10104072093963623,
            -2.4270095825195312
        ],
        "mae_values": [
            0.01717602089047432,
            0.02402568608522415,
            0.030323050916194916
        ],
        "acc_r2": -0.7405654390652975,
        "acc_mae": 0.023841584101319313
    },
    "trial_number": 40
}