,eval_task0,eval_task1,eval_task2
after_task0,-0.027922911569476128,-0.03545345738530159,-0.7216403484344482
after_task1,-0.02270214445888996,-0.043004054576158524,-0.1804639846086502
after_task2,-0.03980286046862602,-0.030201343819499016,-0.06540509313344955
