BWT,FWT,ACC,num_tasks
-0.013182890601456165,0.7642455715686083,-0.04420491307973862,3
