,eval_task0,eval_task1,eval_task2
after_task0,-0.027922911569476128,-0.03545345738530159,-0.7216403484344482
after_task1,-0.045180343091487885,-0.022656811401247978,-0.05787326395511627
after_task2,-0.05614158511161804,-0.019139103591442108,-0.013191049918532372
