BWT,FWT,ACC,num_tasks
0.00013327784836292267,0.7370006963610649,-0.08519080405433972,3
