,eval_task0,eval_task1,eval_task2
after_task0,-0.046181146055459976,-0.052121371030807495,-0.15861283242702484
after_task1,-0.046219225972890854,-0.051988501101732254,-0.1584712117910385
after_task2,-0.0466885007917881,-0.051214590668678284,-0.1576693207025528
