{
    "best_avg_mae": 0.028652364388108253,
    "best_params": {
        "lambda0": 555.8803969466832,
        "lambda1": 1964.1799421675798,
        "alpha1": 0.30787546631146706,
        "alpha2": 1.261950525276332
    },
    "mae_values": [
        