{
    "best_avg_mae": 0.01544104516506195,
    "best_params": {
        "lambda0": 215.95446197298435,
        "lambda1": 588.671303985778,
        "alpha1": 1.5967913830605263,
        "alpha2": 0.7224937140102906
    },
    "mae_values": [
        0.013534746132791042,
        0.015274479053914547,
        0.017513908445835114
    ],
    "trial_number": 17
}