BWT,FWT,ACC,num_tasks
-0.06675871461629868,0.7642455715686083,-0.08861023373901844,3
