BWT,FWT,ACC,num_tasks
-0.007405292242765427,0.7652031797915697,-0.023848700026671093,3
