,eval_task0,eval_task1,eval_task2
after_task0,-0.027922911569476128,-0.03545345738530159,-0.7216403484344482
after_task1,-0.03268780559301376,-0.017271652817726135,-0.05165670067071915
after_task2,-0.026338471099734306,-0.03366667777299881,-0.011540951207280159
