RMSE,MAE,MAPE,R²
0.037257407,0.025400717,0.030839419,0.8277977705001831
