BWT,FWT,ACC,num_tasks
-0.015433446737006307,0.7625191323459148,-0.0287023081133763,3
