BWT,FWT,ACC
-0.0010442528873682022,0.6508965417742729,-0.05488942811886469
