trained_after_task,evaluated_on_task,trained_task_idx,eval_task_idx,MAE,MAE_smooth,RMSE,RMSE_smooth,R2,R2_smooth,R_value
task0,full,0,-1,0.073445186,0.07338751098878113,0.09180154,0.09171331294099469,-0.19045448303222656,-0.18816742049122026,-0.07344518601894379
task0,task0,0,0,0.046181146,0.04609372817606622,0.05303924,0.052968451322757036,-3.469456195831299,-3.4575336230415754,-0.046181146055459976
task0,task1,0,1,0.05212137,0.052117517540014376,0.061594557,0.06154775342388935,-4.86492919921875,-4.8560194238852725,-0.052121371030807495
task0,task2,0,2,0.15861283,0.1585021391456563,0.16168071,0.16151761215997887,-81.3250961303711,-81.15907874219049,-0.15861283242702484
task1,full,1,-1,0.054264776,0.054266550518398064,0.07074787,0.07073009672083401,0.29296714067459106,0.29332231042912005,-0.05426477640867233
task1,task0,1,0,0.019893965,0.01986688947175869,0.023337636,0.023299982832166024,0.13468581438064575,0.1374758196202127,-0.019893964752554893
task1,task1,1,1,0.0515481,0.05161426110111944,0.05486802,0.054881841412376293,-3.653895854949951,-3.656240962739713,-0.051548101007938385
task1,task2,1,2,0.13068436,0.13069493750143024,0.13141502,0.13139543903679607,-53.38834762573242,-53.372133009135446,-0.13068436086177826
task2,full,2,-1,0.047918092,0.04776467457200504,0.059442226,0.0589249492123929,0.5008822679519653,0.5095312854790417,-0.04791809245944023
task2,task0,2,0,0.019562528,0.019542749114209758,0.023070998,0.023009620635592497,0.1543458104133606,0.15883926095997336,-0.019562527537345886
task2,task1,2,1,0.080255225,0.08020014511576472,0.082926326,0.0826710168604349,-9.630725860595703,-9.565368698111813,-0.08025522530078888
task2,task2,2,2,0.06485053,0.0644215798624922,0.07382375,0.07258278860052161,-16.163585662841797,-15.591402111968844,-0.06485053151845932
