BWT,FWT,ACC,num_tasks
-0.005259377881884575,0.7529457956552505,-0.0797698696454366,3
