BWT,FWT,ACC,num_tasks
-0.007496397476643324,0.7728805933147669,-0.022926597545544308,3
