BWT,FWT,ACC,num_tasks
-0.0013623815029859543,0.7422519084066153,-0.025649654989441235,3
