,eval_task0,eval_task1,eval_task2
after_task0,-0.027922911569476128,-0.03545345738530159,-0.7216403484344482
after_task1,-0.03905954211950302,-0.03446679562330246,-0.09755924344062805
after_task2,-0.03650618717074394,-0.028608283028006554,-0.011834494769573212
