BWT,FWT,ACC,num_tasks
0.009776805061846972,0.7465281244367361,-0.024029570631682873,3
