BWT,FWT,ACC,num_tasks
-0.013375968905165792,0.7665698993951082,-0.026051126420497894,3
