,eval_task0,eval_task1,eval_task2
after_task0,-0.027922911569476128,-0.03545345738530159,-0.7216403484344482
after_task1,-0.03947209566831589,-0.003989286255091429,-0.04892326146364212
after_task2,-0.04284762591123581,-0.01581650972366333,-0.019489243626594543
