BWT,FWT,ACC,num_tasks
0.013643963262438774,0.7365763448178768,-0.011599575479825338,3
