BWT,FWT,ACC,num_tasks
-0.01869825879111886,0.4845089055597782,-0.02946440813442071,3
