,eval_task0,eval_task1,eval_task2
after_task0,-0.029657114297151566,-0.08469463139772415,-0.05258229002356529
after_task1,-0.036529138684272766,-0.008653989993035793,-0.16555489599704742
after_task2,-0.04192432016134262,-0.03378330171108246,-0.012685602530837059
