{
    "SEQUENCE_LENGTH": 432,
    "HIDDEN_SIZE": 96,
    "NUM_LAYERS": 4,
    "DROPOUT": 0.30000000000000004,
    "LEARNING_RATE": 0.0001,
    "WEIGHT_DECAY": 1e-05,
    "BATCH_SIZE": 16,
    "EPOCHS": 100,
    "PATIENCE": 10,
    "best_val_loss": 0.07895381548229193
}