task,baseline_performance
task0,-0.7493522763252258
task1,-0.7206317186355591
task2,-0.4986356198787689
