BWT,FWT,ACC,num_tasks
0.004561769310384989,0.5630123391747475,-0.03497996274381876,3
