,eval_task0,eval_task1,eval_task2
after_task0,-0.028439387679100037,-0.06154109910130501,-0.07435527443885803
after_task1,-0.0366719551384449,-0.03152189776301384,-0.03170156106352806
after_task2,-0.035637322813272476,-0.015200424008071423,-0.05410214141011238
