{
    "SEQUENCE_LENGTH": 144,
    "HIDDEN_SIZE": 32,
    "NUM_LAYERS": 2,
    "DROPOUT": 0.30000000000000004,
    "LEARNING_RATE": 0.001,
    "WEIGHT_DECAY": 0.0,
    "BATCH_SIZE": 64,
    "EPOCHS": 100,
    "PATIENCE": 10,
    "best_val_loss": 0.11598536459879802
}