task,ACC,BWT,FWT
task0,-0.045294464,,
task1,-0.041589152,-0.01789865829050541,-0.012354537844657898
task2,-0.017238637,-0.028429392725229263,0.1470288634300232
