{
    "SEQUENCE_LENGTH": 121,
    "HIDDEN_SIZE": 128,
    "NUM_LAYERS": 3,
    "DROPOUT": 0.30000000000000004,
    "LEARNING_RATE": 0.0001,
    "WEIGHT_DECAY": 1e-05,
    "BATCH_SIZE": 64,
    "EPOCHS": 100,
    "PATIENCE": 10,
    "best_val_loss": 0.000573294373129056
}