,eval_task0,eval_task1,eval_task2
after_task0,-0.027922911569476128,-0.03545345738530159,-0.7216403484344482
after_task1,-0.030270647257566452,-0.05134165659546852,-0.053425319492816925
after_task2,-0.012054070830345154,-0.023865899071097374,-0.10718737542629242
