{
    "SEQUENCE_LENGTH": 288,
    "HIDDEN_SIZE": 64,
    "NUM_LAYERS": 3,
    "DROPOUT": 0.30000000000000004,
    "LEARNING_RATE": 0.0001,
    "WEIGHT_DECAY": 1e-05,
    "BATCH_SIZE": 32,
    "EPOCHS": 100,
    "PATIENCE": 10,
    "best_val_loss": 0.0015231625835424808
}