BWT,FWT,ACC,num_tasks
0.002734476700425148,0.7583014573901892,-0.01988564059138298,3
