,eval_task0,eval_task1,eval_task2
after_task0,-0.027922911569476128,-0.03545345738530159,-0.7216403484344482
after_task1,-0.030224621295928955,-0.023435629904270172,-0.06546014547348022
after_task2,-0.026283934712409973,-0.01960565336048603,-0.013767333701252937
