RMSE,MAE,MAPE,R²
0.034533422,0.028026601,0.02956837,-0.6066629886627197
