stage,task,ΔMAE
task1,task0,-0.019135414
task2,task0,-0.016910385
task2,task1,0.060096838
