BWT,FWT,ACC,num_tasks
-0.02199044730514288,0.737836679443717,-0.03118825424462557,3
