stage,task,ΔMAE
task1,task0,-0.041939016
task2,task0,0.047996245
task2,task1,0.055088684
