RMSE,MAE,MAPE,R²
0.058488894,0.052780174,0.055261053,-3.659123420715332
