{
    "ACC": -0.09494199603796005,
    "BWT": -0.02385105937719345,
    "FWT": 0.7320307493209839,
    "test_full_NEG_MAE": -0.08211112767457962,
    "test_full_MAE": 0.08211112767457962,
    "test_full_R2": -0.2921626567840576,
    "test_full_RMSE": 0.09564276784658432,
    "R_matrix": {
        "0,0": -0.045395735651254654,
        "0,1": -0.05210191011428833,
        "0,2": -0.157941997051239,
        "1,0": -0.02142825908958912,
        "1,1": -0.053367722779512405,
        "1,2": -0.12250686436891556,
        "2,0": -0.03892294317483902,
        "2,1": -0.10754263401031494,
        "2,2": -0.1383604258298874
    },
    "baseline_NEG_MAE": {
        "test_base": -0.9706541895866394,
        "test_update1": -0.8725212216377258,
        "test_update2": -0.7661489844322205
    },
    "metric_type": "NEG_MAE",
    "note": "All continual learning metrics (ACC, BWT, FWT) computed using negative MAE"
}