BWT,FWT,ACC,num_tasks
-0.012350482866168022,0.7620948981493711,-0.02949057954053084,3
