task,ACC,BWT,FWT
task0,-0.045294464,,
task1,-0.04490427,-0.0182707067579031,-0.019356824457645416
task2,-0.14463784,0.12454430758953094,0.07162833958864212
