task,ACC,BWT,FWT
task0,-0.045294464,,
task1,-0.039076474,-0.023246467113494873,-0.012676991522312164
task2,-0.041435845,-0.009880593046545982,0.08187416195869446
