stage,task,ΔMAE
task1,task0,-0.023246467
task2,task0,-0.021893281
task2,task1,0.0021320954
