stage,task,ΔMAE
task1,task0,-0.018270707
task2,task0,0.14052108
task2,task1,0.10856754
