BWT,FWT,ACC,num_tasks
-0.019212699495255947,0.7637819852679968,-0.04964476451277733,3
