,eval_task0,eval_task1,eval_task2
after_task0,-0.027922911569476128,-0.03545345738530159,-0.7216403484344482
after_task1,-0.01993129961192608,-0.022542189806699753,-0.05449908971786499
after_task2,-0.0479147769510746,-0.040975723415613174,-0.06004379317164421
