{
    "task": "task0",
    "current_task_NEG_MAE": -0.045395735651254654,
    "current_task_MAE": 0.045395735651254654,
    "current_task_R2": -3.338817596435547,
    "current_task_RMSE": 0.05225834622979164,
    "test_full_NEG_MAE": -0.0730363205075264,
    "test_full_MAE": 0.0730363205075264,
    "test_full_R2": -0.1948537826538086,
    "test_full_RMSE": 0.0919710099697113,
    "EWC_lambda": 0.0,
    "LWF_alpha": 0.0
}