,eval_task0,eval_task1,eval_task2
after_task0,-0.027922911569476128,-0.03545345738530159,-0.7216403484344482
after_task1,-0.03634398430585861,-0.05016333982348442,-0.05635826289653778
after_task2,-0.027594557031989098,-0.03516862913966179,-0.10028216987848282
