BWT,FWT,ACC,num_tasks
-0.036330871284008026,0.7642455715686083,-0.0685242557277282,3
