task,baseline_performance
task0,-0.9732114672660828
task1,-0.9252581000328064
task2,-0.6922584176063538
