BWT,FWT,ACC,num_tasks
0.0004613809287548065,0.7007995378226042,-0.0451364324738582,3
