task,ACC,BWT,FWT
task0,-0.045087412,,
task1,-0.046227027,-0.02360386587679386,-0.016902931034564972
task2,-0.0813329,0.013300377875566483,0.010140299797058105
