{
    "SEQUENCE_LENGTH": 216,
    "HIDDEN_SIZE": 128,
    "NUM_LAYERS": 2,
    "DROPOUT": 0.30000000000000004,
    "LEARNING_RATE": 0.0001,
    "WEIGHT_DECAY": 0.0001,
    "BATCH_SIZE": 32,
    "EPOCHS": 100,
    "PATIENCE": 10,
    "best_val_loss": 0.0015933498638190714
}