,eval_task0,eval_task1,eval_task2
after_task0,-0.027922911569476128,-0.03545345738530159,-0.7216403484344482
after_task1,-0.056514788419008255,-0.013185613788664341,-0.036172933876514435
after_task2,-0.020541494712233543,-0.018604448065161705,-0.009051241911947727
