,eval_task0,eval_task1,eval_task2
after_task0,-0.046181146055459976,-0.052121371030807495,-0.15861283242702484
after_task1,-0.023073121905326843,-0.060129474848508835,-0.14853304624557495
after_task2,-0.03810333460569382,-0.016078824177384377,-0.009851856157183647
