,eval_task0,eval_task1,eval_task2
after_task0,-0.027922911569476128,-0.03545345738530159,-0.7216403484344482
after_task1,-0.006602405104786158,-0.03081592172384262,-0.2114316076040268
after_task2,-0.022815808653831482,-0.03398163616657257,-0.07700135558843613
