task,ACC,BWT,FWT
task0,-0.045294464,,
task1,-0.038716897,-0.01913541369140148,-0.007846787571907043
task2,-0.11473846,0.021593226119875908,-0.055760547518730164
