BWT,FWT,ACC
0.0010449951514601707,0.649211697280407,-0.05817651438216368
