task,ACC,BWT,FWT
task0,-0.045087412,,
task1,-0.04023934,-0.021984193474054337,-0.0033078864216804504
task2,-0.034047004,-0.022383371368050575,0.07237356901168823
