stage,task,ΔMAE
task1,task0,-0.021984193
task2,task0,-0.010452788
task2,task1,-0.034313954
