BWT,FWT,ACC,num_tasks
-0.01076975860632956,0.7465999033302069,-0.02234498846034209,3
