,eval_task0,eval_task1,eval_task2
after_task0,-0.027922911569476128,-0.03545345738530159,-0.7216403484344482
after_task1,-0.034795355051755905,-0.007606140803545713,-0.08886325359344482
after_task2,-0.016238657757639885,-0.04082991182804108,-0.009966395795345306
