number,values_0,values_1,params_lambda0,params_lambda1,user_attrs_ACC,user_attrs_BWT
19,-0.042688469092051186,-0.034062113612890244,6780.2270215798435,1110.352557719759,-0.042688469092051186,-0.034062113612890244
40,-0.0408560186624527,-0.02413642220199108,89.93930726120072,174.89966737814592,-0.0408560186624527,-0.02413642220199108
