BWT,FWT,ACC,num_tasks
-0.00466193538159132,0.7484935168176889,-0.047654870276649795,3
