,eval_task0,eval_task1,eval_task2
after_task0,-0.02909592166543007,-0.07773160189390182,-0.26696062088012695
after_task1,-0.14794601500034332,-0.043970610946416855,-0.04279788210988045
after_task2,-0.016519075259566307,-0.06587132811546326,-0.060574207454919815
