BWT,FWT,ACC,num_tasks
0.02392319217324257,0.7644350118935108,-0.04611753982802232,3
