{
  "si_lambda": 0.003002606845241161,
  "si_epsilon": 0.0951554140693468,
  "kd_alpha": 0.009542713658753916
}