task,ACC,BWT,FWT
task0,-0.045294464,,
task1,-0.035491504,-0.022478371858596802,-0.004738956689834595
task2,-0.0370739,-0.010555719025433064,0.08101025223731995
