stage,task,ΔMAE
task1,task0,-0.022478372
task2,task0,-0.016853651
task2,task1,-0.004257787
