BWT,FWT,ACC,num_tasks
-0.019117215648293495,0.7705330178141594,-0.029302340932190418,3
