{
    "SEQUENCE_LENGTH": 45,
    "HIDDEN_SIZE": 128,
    "NUM_LAYERS": 2,
    "DROPOUT": 0.30000000000000004,
    "LEARNING_RATE": 0.0001,
    "WEIGHT_DECAY": 1e-06,
    "BATCH_SIZE": 64,
    "EPOCHS": 100,
    "PATIENCE": 10,
    "best_val_loss": 0.0007369264636369408
}