BWT,FWT,ACC,num_tasks
-0.014047643635421991,0.7696416340768337,-0.025666754382352035,3
