,eval_task0,eval_task1,eval_task2
after_task0,-0.027922911569476128,-0.03545345738530159,-0.7216403484344482
after_task1,-0.04486434906721115,-0.005075886845588684,-0.042779792100191116
after_task2,-0.046035077422857285,-0.01505900826305151,-0.01590617746114731
