task,ACC,BWT,FWT
task0,-0.045294464,,
task1,-0.036369186,-0.023180203512310982,-0.007196150720119476
task2,-0.034509894,-0.013372138142585754,0.10782303661108017
