stage,task,ΔMAE
task1,task0,-0.023180204
task2,task0,-0.02655626
task2,task1,-0.0001880154
