BWT,FWT,ACC,num_tasks
0.01906179403886199,0.7659567464143038,-0.05812132451683283,3
