,eval_task0,eval_task1,eval_task2
after_task0,-0.027922911569476128,-0.03545345738530159,-0.7216403484344482
after_task1,-0.021156396716833115,-0.04059417545795441,-0.05014956742525101
after_task2,-0.010173731483519077,-0.020219767466187477,-0.14397047460079193
