MAE,RMSE,R2,MAE_smooth,RMSE_smooth,R2_smooth
0.029514005,0.035870086,0.8182486295700073,0.029494249655786075,0.03572638170330042,0.8197019853793396
