BWT,FWT,ACC,num_tasks
0.0002687019295990467,0.7029989417642355,-0.0371381767715017,3
