,eval_task0,eval_task1,eval_task2
after_task0,-0.027922911569476128,-0.03545345738530159,-0.7216403484344482
after_task1,-0.02239360474050045,-0.028515782207250595,-0.17606517672538757
after_task2,-0.0411069355905056,-0.01479435432702303,-0.05551324039697647
