task,ACC,BWT,FWT
task0,-0.06311138,,
task1,-0.038062707,-0.04193901643157005,-0.016579508781433105
task2,-0.11304179,0.05154246464371681,-0.0011108368635177612
