task,ACC,BWT,FWT
task0,-0.047887042,,
task1,-0.044375587,-0.025878166779875755,-0.015215083956718445
task2,-0.039100718,-0.02880934625864029,0.0797949731349945
