stage,task,ΔMAE
task1,task0,-0.025878167
task2,task0,-0.020883303
task2,task1,-0.03673539
