RMSE,MAE,MAPE,R²
0.04798843,0.040874332,0.049825247,0.8199732899665833
