BWT,FWT,ACC,num_tasks
-0.026716948486864567,0.7623476833105087,-0.06992293025056522,3
