,eval_task0,eval_task1,eval_task2
after_task0,-0.027922911569476128,-0.03545345738530159,-0.7216403484344482
after_task1,-0.017693521454930305,-0.04652608558535576,-0.05736769363284111
after_task2,-0.038325775414705276,-0.08955711871385574,-0.08188589662313461
