BWT,FWT,ACC,num_tasks
-0.023421260062605143,0.7591505851596594,-0.04028167203068733,3
