,eval_task0,eval_task1,eval_task2
after_task0,-0.027922911569476128,-0.03545345738530159,-0.7216403484344482
after_task1,-0.046146176755428314,-0.013828699477016926,-0.0637618899345398
after_task2,-0.05425023287534714,-0.0343438982963562,-0.03225088492035866
