BWT,FWT,ACC,num_tasks
0.023453746922314167,0.7644804194569588,-0.049694967766602836,3
