,eval_task0,eval_task1,eval_task2
after_task0,-0.027922911569476128,-0.03545345738530159,-0.7216403484344482
after_task1,-0.0120083661749959,-0.04266129806637764,-0.053102221339941025
after_task2,-0.007491778582334518,-0.016184937208890915,-0.12540818750858307
