task,baseline_performance
task0,-0.9926038384437561
task1,-0.8953988552093506
task2,-0.7891951203346252
