,eval_task0,eval_task1,eval_task2
after_task0,-0.046181146055459976,-0.052121371030807495,-0.15861283242702484
after_task1,-0.021363966166973114,-0.07723473757505417,-0.12658101320266724
after_task2,-0.06737419217824936,-0.06656044721603394,-0.10537496954202652
