RMSE,MAE,MAPE,R²
0.029231086,0.023147238,0.027165107,0.8941808938980103
