{
    "task": "task1",
    "current_task_R2": -1.5824666023254395,
    "current_task_MAE": 0.03675496205687523,
    "current_task_RMSE": 0.040872227400541306,
    "test_full_R2": 0.6323046684265137,
    "test_full_MAE": 0.03911478817462921,
    "test_full_RMSE": 0.051019664853811264,
    "EWC_lambda": 0.0,
    "LWF_alpha": 0.0
}