BWT,FWT,ACC,num_tasks
0.019914767937734723,0.7667521592229605,-0.04857031240438422,3
