BWT,FWT,ACC,num_tasks
-0.0212769890204072,0.7636942714452744,-0.03555933137734731,3
