,eval_task0,eval_task1,eval_task2
after_task0,-0.027922911569476128,-0.03545345738530159,-0.7216403484344482
after_task1,-0.054730888456106186,-0.021583683788776398,-0.05467451736330986
after_task2,-0.07268749922513962,-0.019373074173927307,-0.014617420732975006
