,eval_task0,eval_task1,eval_task2
after_task0,-0.027922911569476128,-0.03545345738530159,-0.7216403484344482
after_task1,-0.04139478877186775,-0.022415075451135635,-0.0598548948764801
after_task2,-0.03718147799372673,-0.026066893711686134,-0.007785024121403694
