,eval_task0,eval_task1,eval_task2
after_task0,-0.027922911569476128,-0.03545345738530159,-0.7216403484344482
after_task1,-0.048805080354213715,-0.02078162133693695,-0.026810992509126663
after_task2,-0.05589688941836357,-0.02363995648920536,-0.02567160502076149
