MAE,RMSE,R2,MAE_smooth,RMSE_smooth,R2_smooth
0.07602424,0.08013995,0.09278339147567749,0.075902725481647,0.07983581795586313,0.09965608245307367
