,eval_task0,eval_task1,eval_task2
after_task0,-0.027922911569476128,-0.03545345738530159,-0.7216403484344482
after_task1,-0.025189168751239777,-0.05511395260691643,-0.041856542229652405
after_task2,-0.03336571902036667,-0.07704151421785355,-0.1684035360813141
