BWT,FWT,ACC,num_tasks
0.02352627133950591,0.7678032144904137,-0.048389530119796596,3
