task,ACC,BWT,FWT
task0,-0.045294464,,
task1,-0.033776566,-0.020716505125164986,0.0004527829587459564
task2,-0.06965324,0.00601290725171566,0.01889216899871826
