stage,task,ΔMAE
task1,task0,-0.020716505
task2,task0,0.016010504
task2,task1,-0.0039846897
