task,ACC,BWT,FWT
task0,-0.043939441442489624,,
task1,-0.045465048402547836,-0.022184036672115326,-0.01359151303768158
task2,-0.07586872701843579,0.014145983383059502,0.04571298509836197
