stage,task,ΔMAE
task1,task0,-0.022184036672115326
task2,task0,0.04265715926885605
task2,task1,-0.014365192502737045
