BWT,FWT,ACC,num_tasks
0.032857701648026705,0.7590887472033501,-0.019777650324006874,3
