{
    "SEQUENCE_LENGTH": 864,
    "HIDDEN_SIZE": 128,
    "NUM_LAYERS": 3,
    "DROPOUT": 0.30000000000000004,
    "LEARNING_RATE": 0.0001,
    "WEIGHT_DECAY": 0.0,
    "BATCH_SIZE": 128,
    "EPOCHS": 100,
    "PATIENCE": 10,
    "best_val_loss": 0.16690107325353581
}