task,AF_abs,AF_pct
task1,-0.028127096593379974,-62.09831033596937
task2,-0.0043488675728440285,-10.658187240068404
