BWT,FWT,ACC,num_tasks
-0.020785209722816944,0.7425561398267746,-0.049260963375369705,3
