task,ACC,BWT,FWT
task0,-0.045294464,,
task1,-0.032361202,-0.028127096593379974,-0.004127081483602524
task2,-0.04469608,-0.0043488675728440285,0.06336662918329239
