,eval_task0,eval_task1,eval_task2
after_task0,-0.046181146055459976,-0.052121371030807495,-0.15861283242702484
after_task1,-0.019893964752554893,-0.051548101007938385,-0.13068436086177826
after_task2,-0.019562527537345886,-0.08025522530078888,-0.06485053151845932
