BWT,FWT,ACC,num_tasks
0.013660081662237644,0.748958820477128,-0.02446453521649043,3
