,eval_task0,eval_task1,eval_task2
after_task0,-0.027922911569476128,-0.03545345738530159,-0.7216403484344482
after_task1,-0.02592688985168934,-0.03914818912744522,-0.08414541929960251
after_task2,-0.03381449356675148,-0.00593644380569458,-0.03364266827702522
