,eval_task0,eval_task1,eval_task2
after_task0,-0.027922911569476128,-0.03545345738530159,-0.7216403484344482
after_task1,-0.032385341823101044,-0.006757024209946394,-0.057024795562028885
after_task2,-0.04515034705400467,-0.020396482199430466,-0.020560095086693764
