BWT,FWT,ACC,num_tasks
-0.006455192342400551,0.7611040826886892,-0.023677798608938854,3
