{
    "best_acc_r2": 0.023132391273975372,
    "params": {
        "lam0": 619.7602899284408,
        "lam1": 14.977671557509192,
        "alpha1": 1.6698317794138928,
        "alpha2": 0.40392782621731316
    },
    "metrics": {
        "R2s": [
            -1.3040273189544678,
            0.5270599126815796,
            -1.5937721729278564
        ],
        "MAEs": [
            0.036219965666532516,
            0.01323302648961544,
            0.01994418539106846
        ],
        "acc_r2": -0.7902465264002482,
        "acc_mae": 0.023132391273975372
    },
    "trial_number": 44
}