BWT,FWT,ACC,num_tasks
-0.001931341364979744,0.7595203835517168,-0.05330219926933447,3
