,eval_task0,eval_task1,eval_task2
after_task0,-0.027922911569476128,-0.03545345738530159,-0.7216403484344482
after_task1,-0.017311476171016693,-0.035019464790821075,-0.06302229315042496
after_task2,-0.038804054260253906,-0.028001004830002785,-0.09310153871774673
