stage,task,ΔMAE
task1,task0,-0.017898658
task2,task0,-0.019376183
task2,task1,-0.037482604
