BWT,FWT,ACC,num_tasks
0.0009706942364573479,0.6853157263249159,-0.04459960013628006,3
