,eval_task0,eval_task1,eval_task2
after_task0,-0.027922911569476128,-0.03545345738530159,-0.7216403484344482
after_task1,-0.04106706753373146,-0.010859980247914791,-0.0363018736243248
after_task2,-0.03809472545981407,-0.015680961310863495,-0.015004105865955353
