stage,task,ΔMAE
task1,task0,-0.023603866
task2,task0,0.028723098
task2,task1,-0.0021223426
