BWT,FWT,ACC,num_tasks
-0.0020537041127681732,0.7533000092953444,-0.020760587727030117,3
