,eval_task0,eval_task1,eval_task2
after_task0,-0.027922911569476128,-0.03545345738530159,-0.7216403484344482
after_task1,-0.030986620113253593,-0.016886381432414055,-0.07546304166316986
after_task2,-0.027536505833268166,-0.021380195394158363,-0.013365061953663826
