{
    "SEQUENCE_LENGTH": 576,
    "HIDDEN_SIZE": 160,
    "NUM_LAYERS": 2,
    "DROPOUT": 0.30000000000000004,
    "LEARNING_RATE": 0.0001,
    "WEIGHT_DECAY": 0.0,
    "BATCH_SIZE": 32,
    "EPOCHS": 100,
    "PATIENCE": 10,
    "best_val_loss": 0.06595145298754009
}