BWT,FWT,ACC,num_tasks
0.00098129129037261,0.7729450631886721,-0.01606572822978099,3
