BWT,FWT,ACC,num_tasks
0.02095839288085699,0.7704862076789141,-0.04670587554574013,3
