,eval_task0,eval_task1,eval_task2
after_task0,-0.027922911569476128,-0.03545345738530159,-0.7216403484344482
after_task1,-0.036215655505657196,-0.043465424329042435,-0.041090644896030426
after_task2,-0.006651535630226135,-0.022820014506578445,-0.1106460765004158
