,eval_task0,eval_task1,eval_task2
after_task0,-0.027922911569476128,-0.03545345738530159,-0.7216403484344482
after_task1,-0.03517460823059082,-0.012654743157327175,-0.031547173857688904
after_task2,-0.024833543226122856,-0.023275334388017654,-0.025185609236359596
