RMSE,MAE,MAPE,R²
0.031994298,0.025365965,0.030122645,0.8515338897705078
