MAE,RMSE,R2,MAE_smooth,RMSE_smooth,R2_smooth
0.050414663,0.06253357,0.4476182460784912,0.050449459524000685,0.06250171839602801,0.4481808191431996
