BWT,FWT,ACC,num_tasks
-0.003765611443668604,0.7752579431980848,-0.02443149561683337,3
