BWT,FWT,ACC,num_tasks
0.00017420761287212372,0.6902569811791182,-0.03989633607367674,3
