,eval_task0,eval_task1,eval_task2
after_task0,-0.027922911569476128,-0.03545345738530159,-0.7216403484344482
after_task1,-0.01747976988554001,-0.03176039457321167,-0.20154909789562225
after_task2,-0.028844816610217094,-0.030490074306726456,-0.060354117304086685
