BWT,FWT,ACC,num_tasks
0.0021109571680426598,0.7604487761855125,-0.04891764000058174,3
