,eval_task0,eval_task1,eval_task2
after_task0,-0.027922911569476128,-0.03545345738530159,-0.7216403484344482
after_task1,-0.03401762992143631,-0.035093095153570175,-0.06116550788283348
after_task2,-0.03649890795350075,-0.022295184433460236,-0.08795882761478424
