BWT,FWT,ACC,num_tasks
-0.015416156500577927,0.777626033872366,-0.03506948364277681,3
