BWT,FWT,ACC,num_tasks
0.02167229913175106,0.7643188703805208,-0.047702448442578316,3
