BWT,FWT,ACC,num_tasks
-0.0030030044727027416,0.767611725255847,-0.025687116819123428,3
