,eval_task0,eval_task1,eval_task2
after_task0,-0.027922911569476128,-0.03545345738530159,-0.7216403484344482
after_task1,-0.04762381315231323,-0.021679960191249847,-0.04683960974216461
after_task2,-0.04073227569460869,-0.01487660501152277,-0.021452469751238823
