task,ACC,BWT,FWT
task0,-0.045294464,,
task1,-0.040098593,-0.023951370269060135,-0.01542612910270691
task2,-0.06987456,0.019530566409230232,0.051266640424728394
