stage,task,ΔMAE
task1,task0,-0.02395137
task2,task0,0.03940855
task2,task1,-0.00034741685
