,eval_task0,eval_task1,eval_task2
after_task0,-0.046181146055459976,-0.052121371030807495,-0.15861283242702484
after_task1,-0.020684169605374336,-0.05048874765634537,-0.1340540498495102
after_task2,-0.019735654816031456,-0.07484424859285355,-0.07994963973760605
