BWT,FWT,ACC,num_tasks
-0.011414309497922659,0.7342200130224228,-0.02457482150445382,3
