,eval_task0,eval_task1,eval_task2
after_task0,-0.027922911569476128,-0.03545345738530159,-0.7216403484344482
after_task1,-0.050581324845552444,-0.02232368476688862,-0.054350096732378006
after_task2,-0.030847616493701935,-0.022201087325811386,-0.03299722447991371
