BWT,FWT,ACC,num_tasks
-0.013184341602027416,0.7739336863160133,-0.023928828847905,3
