,eval_task0,eval_task1,eval_task2
after_task0,-0.027922911569476128,-0.03545345738530159,-0.7216403484344482
after_task1,-0.053460266441106796,-0.008256716653704643,-0.034195687621831894
after_task2,-0.03637636452913284,-0.02617194689810276,-0.009238175116479397
