BWT,FWT,ACC,num_tasks
-0.0014010537415742874,0.7638564817607403,-0.02868197609980901,3
