stage,task,ΔMAE
task1,task0,-0.028127097
task2,task0,-0.028838305
task2,task1,0.02014057
