BWT,FWT,ACC
0.02606423106044531,0.6419721990823746,-0.021344671646753948
