{
    "SEQUENCE_LENGTH": 432,
    "HIDDEN_SIZE": 128,
    "NUM_LAYERS": 5,
    "DROPOUT": 0.30000000000000004,
    "LEARNING_RATE": 0.001,
    "WEIGHT_DECAY": 1e-06,
    "BATCH_SIZE": 32,
    "EPOCHS": 100,
    "PATIENCE": 10,
    "best_val_loss": 0.0005194275090330403
}