RMSE,MAE,MAPE,R²
0.13368447,0.10267665,0.13933873,-0.3848215341567993
