BWT,FWT,ACC,num_tasks
0.006135590374469757,0.7667686715722084,-0.048372453078627586,3
