,eval_task0,eval_task1,eval_task2
after_task0,-0.027922911569476128,-0.03545345738530159,-0.7216403484344482
after_task1,-0.032863594591617584,-0.03905624523758888,-0.04852571710944176
after_task2,-0.03576658293604851,-0.018941393122076988,-0.09040938317775726
