BWT,FWT,ACC,num_tasks
-0.004047275520861149,0.7539955023676157,-0.06849203196664651,3
