{
    "SEQUENCE_LENGTH": 432,
    "HIDDEN_SIZE": 64,
    "NUM_LAYERS": 3,
    "DROPOUT": 0.30000000000000004,
    "LEARNING_RATE": 0.001,
    "WEIGHT_DECAY": 1e-06,
    "BATCH_SIZE": 64,
    "EPOCHS": 100,
    "PATIENCE": 10,
    "best_val_loss": 0.0004379630752468309
}