,eval_task0,eval_task1,eval_task2
after_task0,-0.027922911569476128,-0.03545345738530159,-0.7216403484344482
after_task1,-0.016650857403874397,-0.04673841968178749,-0.05120290815830231
after_task2,-0.005418254062533379,-0.047950346022844315,-0.10174988955259323
