{
    "ACC": -9.10012706120809,
    "BWT": -1.160919189453125,
    "FWT": 0.0,
    "test_full_R2": 0.4392464756965637,
    "test_full_MAE": 0.05817136913537979,
    "test_full_RMSE": 0.06300565600395203,
    "R_matrix": {
        "0,0": -3.338817596435547,
        "1,0": 0.42803722620010376,
        "1,1": -1.5824666023254395,
        "2,0": -4.937656879425049,
        "2,1": -2.3054656982421875,
        "2,2": -20.05725860595703
    },
    "baseline_R2": {
        "test_base": -1496.900390625,
        "test_update1": -1176.8900146484375,
        "test_update2": -1848.5701904296875
    }
}