BWT,FWT,ACC,num_tasks
-0.007511253468692303,0.7660921514034271,-0.02486120257526636,3
