,eval_task0,eval_task1,eval_task2
after_task0,-0.027922911569476128,-0.03545345738530159,-0.7216403484344482
after_task1,-0.04079741984605789,-0.01612146943807602,-0.04987875744700432
after_task2,-0.017675455659627914,-0.04139143228530884,-0.015516719780862331
