BWT,FWT,ACC,num_tasks
-0.016933299601078033,0.7671624012291431,-0.044860102236270905,3
