,eval_task0,eval_task1,eval_task2
after_task0,-0.027922911569476128,-0.03545345738530159,-0.7216403484344482
after_task1,-0.1620417982339859,-0.021351898089051247,-0.04773825779557228
after_task2,-0.06398194283246994,-0.0191594660282135,-0.05143889784812927
