task,baseline_performance
task0,-0.9731425046920776
task1,-0.9252026677131653
task2,-0.6921805739402771
