BWT,FWT,ACC,num_tasks
0.010024888440966606,0.7607756797224283,-0.028936070079604786,3
