,eval_task0,eval_task1,eval_task2
after_task0,-0.027281232178211212,-0.04074966534972191,-0.2735196650028229
after_task1,-0.07769931107759476,-0.05989353358745575,-0.05508221685886383
after_task2,-0.03373197093605995,-0.0333930179476738,-0.019683221355080605
