task,baseline_performance
task0,-0.9130297899246216
task1,-0.8708742260932922
task2,-0.6576699018478394
