BWT,FWT,ACC,num_tasks
0.009253623895347118,0.6797101050615311,-0.06516531792779763,3
