,eval_task0,eval_task1,eval_task2
after_task0,-0.03256743401288986,-0.09340248256921768,-0.040467992424964905
after_task1,-0.005700490437448025,-0.049357820302248,-0.07572143524885178
after_task2,-0.012373266741633415,-0.05104473978281021,-0.13207794725894928
