BWT,FWT,ACC,num_tasks
-0.002131318673491478,0.7515228614211082,-0.05668754130601883,3
