,eval_task0,eval_task1,eval_task2
after_task0,-0.046181146055459976,-0.052121371030807495,-0.15861283242702484
after_task1,-0.02063652127981186,-0.06137743592262268,-0.12942688167095184
after_task2,-0.026274144649505615,-0.08554707467556,-0.058241404592990875
