BWT,FWT,ACC
-0.005259377881884575,0.6704061776399612,-0.0797698696454366
