BWT,FWT,ACC,num_tasks
-0.024638927541673183,0.7381575703620911,-0.03969083291788896,3
