BWT,FWT,ACC,num_tasks
0.006926055531948805,0.7600086405873299,-0.024537835580607254,3
