,eval_task0,eval_task1,eval_task2
after_task0,-0.027922911569476128,-0.03545345738530159,-0.7216403484344482
after_task1,-0.03900718316435814,-0.02894560433924198,-0.06204577907919884
after_task2,-0.03384501487016678,-0.00917138997465372,-0.030597101897001266
