RMSE,MAE,MAPE,R²
0.0426854,0.036175035,0.042302363,0.7347354888916016
