task,ACC,BWT,FWT
task0,-0.045087412,,
task1,-0.053450227,-0.023526009172201157,-0.03127148002386093
task2,-0.05029409,-0.017627835273742676,0.09396856278181076
