stage,task,ΔMAE
task1,task0,-0.02352601
task2,task0,0.022517167
task2,task1,-0.057772838
