BWT,FWT,ACC,num_tasks
-0.011470980010926723,0.7642455715686083,-0.05931364496548971,3
