,eval_task0,eval_task1,eval_task2
after_task0,-0.027922911569476128,-0.03545345738530159,-0.7216403484344482
after_task1,-0.04272177815437317,-0.0607348196208477,-0.053571917116642
after_task2,-0.03903499245643616,-0.07256469875574112,-0.06634124368429184
